Código,Descrição,Saldo,Imagem URL,Código Filial
998,Vodka Stolichnaya Garrafa Vidro 1L,0,https://one.bees.com/mf/admin-portal-main-mfe/69578b051631db0e07b7.svg,RIGARRSPCAPITAL
988,Licor Tia Maria Garrafa Vidro 700ml,0,https://cms-prod.global.ssl.fastly.net/media/09-30-2024-87fb798e-47b2-4768-a608-59f654654763-b8ef2319.png,RIGARRSPCAPITAL
985,Aperitivo Cynar Garrafa Vidro 900ml,0,https://cms-prod.global.ssl.fastly.net/media/09-27-2024-9dfbe488-c55c-41c1-8edb-f34ff726cc29-98739d53.png,RIGARRSPCAPITAL
98,Rum Bacardi Mojito Garrafa Vidro 980ml,167,https://cms-prod.global.ssl.fastly.net/media/09-04-2024-c7e9b827-ba73-4275-8e98-c62b48b26a83-2e096cd6.png,RIGARRSPCAPITAL
964,Cachaça Seleta Garrafa Vidro 600ml,0,https://cms-prod.global.ssl.fastly.net/media/07-24-2024-9d8369c6-c972-4885-880b-2e0fb150b112-ade4b2a8.png,RIGARRSPCAPITAL
891,Bitter Angostura Orange Pet 100ml,0,https://cms-prod.global.ssl.fastly.net/media/07-23-2024-a16c1958-15ae-422f-8ae2-55dcd55000f5-5f628419.png,RIGARRSPCAPITAL
865,Aperitivo Italiano Fernet-Branca Garrafa Vidro 750ml,0,https://cms-prod.global.ssl.fastly.net/media/09-27-2024-4332e380-ef98-450e-b262-6e550fe44d79-66b238d8.png,RIGARRSPCAPITAL
863,Whisky Jim Beam Black Garrafa Vidro 1L,0,https://cms-prod.global.ssl.fastly.net/media/09-27-2024-e9bbf8b5-49ed-4917-b0f8-e7da63f05cbd-3e5be536.png,RIGARRSPCAPITAL
857,Licor 43 Diego Zamora Garrafa Vidro 700ml,0,https://cms-prod.global.ssl.fastly.net/media/07-22-2024-899ae3a9-1e91-41b3-b4ac-ef6c4bca2df7-4345f6b9.png,RIGARRSPCAPITAL
856,Vermouth Carpano Punt & Mes Garrafa Vidro 1L,0,https://cms-prod.global.ssl.fastly.net/media/07-23-2024-0cef8885-0308-487d-890f-9070ae0ae4d5-e65d2784.png,RIGARRSPCAPITAL
855,Pisco Capel Reservado Garrafa Vidro 750ml,0,https://cms-prod.global.ssl.fastly.net/media/09-30-2024-344e1d9c-621d-4f50-ac26-ef2cf5ff1f71-3efbe48f.png,RIGARRSPCAPITAL
743,Bitter Angostura Aromatic Pet 100ml,0,https://cms-prod.global.ssl.fastly.net/media/09-27-2024-b2d1267a-b2e5-4092-b48a-3ea008fa4f2c-661a4ea7.png,RIGARRSPCAPITAL
738,Whisky Jack Daniels Honey Garrafa Vidro 1L,0,https://cms-prod.global.ssl.fastly.net/media/09-27-2024-3363cf15-4bb4-4ac3-874a-be398361f586-8677f1b6.png,RIGARRSPCAPITAL
71,Aguardente Old Cesar 88 Garrafa Vidro 965ml,0,https://cms-prod.global.ssl.fastly.net/media/07-24-2024-45a4d2ed-0593-46a0-88c8-c355f9262ffa-be4638f5.png,RIGARRSPCAPITAL
69,Rum Montilla Carta Branca Garrafa Vidro 1L,100,https://cms-prod.global.ssl.fastly.net/media/07-23-2024-b098185c-0b4d-411c-b01e-70035ecb4111-9936a395.png,RIGARRSPCAPITAL
677,Whisky Jack Daniels Garrafa Vidro 200ml,0,https://cms-prod.global.ssl.fastly.net/media/07-22-2024-ebaa1fe2-d96c-49eb-9443-65649161e1b0-bb408a94.png,RIGARRSPCAPITAL
666,Espumante Casa Perini Brut Rosé Garrafa Vidro 750ml,0,https://cms-prod.global.ssl.fastly.net/media/07-24-2024-50031da4-c14c-4270-8263-0a3e91da4bba-78daa31d.png,RIGARRSPCAPITAL
664,Espumante Casa Perini Brut Garrafa Vidro 750ml,0,https://cms-prod.global.ssl.fastly.net/media/07-23-2024-a5968820-d718-453e-b43e-b841f896f808-50d1f73b.png,RIGARRSPCAPITAL
663,Espumante Casa Perini Aquarela Rosé Garrafa Vidro 750ml,0,https://cms-prod.global.ssl.fastly.net/media/07-23-2024-d003ec51-a226-4500-bbdc-8dc0a321dbd2-e95e5a35.png,RIGARRSPCAPITAL
644,Aperitivo Aperol Garrafa Vidro 750ml,554,https://cms-prod.global.ssl.fastly.net/media/07-23-2024-896de871-052a-4877-87db-807256b7f049-7724dc3d.png,RIGARRSPCAPITAL
640,Licor Jagermeister Garrafa Vidro 700ml,0,https://cms-prod.global.ssl.fastly.net/media/07-22-2024-4073a26c-c439-46d5-98f2-172ac6537417-a8e362b9.png,RIGARRSPCAPITAL
639,Licor Southern Comfort Garrafa Vidro 750ml,0,https://cms-prod.global.ssl.fastly.net/media/09-27-2024-996d219c-d0d6-4eff-82c5-7d06fd794a26-95aef4fe.png,RIGARRSPCAPITAL
637,Whisky Jack Daniels Sinatra Garrafa Vidro 1L,0,https://cms-prod.global.ssl.fastly.net/media/09-27-2024-72e28031-3998-49f7-911d-c71b44b1c5d8-9f6397f3.png,RIGARRSPCAPITAL
636,Whisky Bourbon Woodford Reserve Garrafa Vidro 750ml,0,https://cms-prod.global.ssl.fastly.net/media/07-24-2024-02252741-0be9-40bd-904f-89ca0f572b62-2a9a2289.png,RIGARRSPCAPITAL
619,Vodka Finlândia Classic Garrafa Vidro 1L,0,https://cms-prod.global.ssl.fastly.net/media/07-24-2024-502ca68c-7928-4b4c-a3f3-ef264eaa9e47-638829b0.png,RIGARRSPCAPITAL
606,Tequila El Jimador Reposado Garrafa Vidro 750ml,223,https://cms-prod.global.ssl.fastly.net/media/07-24-2024-8261070c-bf8f-4694-8337-c6f1e0b6f65c-19e9b0dc.png,RIGARRSPCAPITAL
605,Tequila El Jimador Blanco Garrafa Vidro 750ml,670,https://cms-prod.global.ssl.fastly.net/media/07-24-2024-87898032-6bf6-4aba-84aa-fcf00b206855-c72434c8.png,RIGARRSPCAPITAL
604,Whisky Jack Daniels Single Barrel Garrafa Vidro 750ml,0,https://cms-prod.global.ssl.fastly.net/media/07-24-2024-4d8946a2-792a-472b-9106-d54e8e1d1a23-d6ce1d0a.png,RIGARRSPCAPITAL
603,Whisky Gentleman Jack Garrafa Vidro 1L,0,https://cms-prod.global.ssl.fastly.net/media/07-24-2024-8fc0c36f-2389-4ba8-b14a-6cc45611b868-902e9f90.png,RIGARRSPCAPITAL
56,Gin Seagers Garrafa Vidro 1L,163,https://cms-prod.global.ssl.fastly.net/media/07-24-2024-d1a313c0-2bf9-46b7-bef6-96d0a0d8b26b-b4058bf2.png,RIGARRSPCAPITAL
53,Licor Stock Curaçau Garrafa Vidro 720ml,0,https://cms-prod.global.ssl.fastly.net/media/07-22-2024-77740aac-6980-45ba-8c5f-562751ae8e83-7396ddb4.png,RIGARRSPCAPITAL
486,Whisky Bourbon Makers Mark Garrafa Vidro 750ml,0,https://cms-prod.global.ssl.fastly.net/media/07-23-2024-b38d9c38-3e8b-4066-b3e4-03451ae017f9-9abf0c9a.png,RIGARRSPCAPITAL
479,Whisky Chanceler Garrafa Vidro 1L,0,https://cms-prod.global.ssl.fastly.net/media/07-24-2024-03d65c7c-8fcc-4c7f-9816-c4a7e4309138-2b8050b8.png,RIGARRSPCAPITAL
4598,Cachaça Joia da Serra Ouro Garrafa Vidro 1L,0,https://cms-prod.global.ssl.fastly.net/media/07-22-2024-c79e1357-9581-4725-a499-bbb282334c19-c586d991.png,RIGARRSPCAPITAL
4564,Licor 43 Diego Zamora Edição Limitada Garrafa Vidro 700ml,0,https://cms-prod.global.ssl.fastly.net/media/09-26-2024-7120ea05-7c84-4c62-844d-4ff398ff1648-a16296a1.png,RIGARRSPCAPITAL
4563,Licor Villa Massa Limoncello Garrafa Vidro 700ml + 2 Copos,0,https://cms-prod.global.ssl.fastly.net/media/09-27-2024-1b11a2f3-5fda-4ce9-bccf-910342593882-0a42e02c.png,RIGARRSPCAPITAL
4552,Vermouth Cinzano Rosso Garrafa Vidro 1L,0,https://cms-prod.global.ssl.fastly.net/media/09-27-2024-05f53539-32ca-46de-bf56-15659d26df33-1117a491.png,RIGARRSPCAPITAL
4543,Licor Peachtree Garrafa Vidro 700ml + 1 Taça Person,0,https://cms-prod.global.ssl.fastly.net/media/09-04-2024-45dd2334-9771-4bc3-b0b5-75e9238b5432-d558bbc6.png,RIGARRSPCAPITAL
4520,Água Mineral Buona Vita Com Gás Pet 510ml Caixa c/ 12 un,0,https://cms-prod.global.ssl.fastly.net/media/09-27-2024-54b4badd-e3c2-431e-bbe3-60070b582f87-4eb46ca6.png,RIGARRSPCAPITAL
4519,Água Mineral Buona Vita Sem Gás Pet 510ml Caixa c/ 12 un,0,https://cms-prod.global.ssl.fastly.net/media/07-22-2024-729b6590-15c9-495b-80dc-8a6a8359688c-8f43701d.png,RIGARRSPCAPITAL
4515,Drink Pronto Easy Booze Spritz Lata 269ml Caixa c/ 6 un,0,https://cms-prod.global.ssl.fastly.net/media/07-22-2024-79334957-a576-4e9e-8f6c-a91330c0dd73-4b696fd7.png,RIGARRSPCAPITAL
4490,Aperitivo Argentino Fernet-Branca Garrafa Vidro 750ml,0,https://cms-prod.global.ssl.fastly.net/media/07-23-2024-27f27b4a-e163-425d-8b71-fe1964e50bcd-d220d28c.png,RIGARRSPCAPITAL
4489,Vermouth Carpano Bianco Garrafa Vidro 950ml,0,https://cms-prod.global.ssl.fastly.net/media/09-27-2024-de2c6ee7-6f63-421c-8517-8fcfe5430a6b-bb2d7ebd.png,RIGARRSPCAPITAL
4488,Vermouth Carpano Rosso Garrafa Vidro 950ml,0,https://cms-prod.global.ssl.fastly.net/media/09-30-2024-7d71fc93-74fd-4565-831e-6f7bd245de81-36783f3a.png,RIGARRSPCAPITAL
4487,Vermouth Punt & Mes Garrafa Vidro 750ml,0,https://cms-prod.global.ssl.fastly.net/media/09-30-2024-72d7f2c7-474e-4034-8c60-f6a399c2f829-6ddd1ff5.png,RIGARRSPCAPITAL
447,Aperitivo Campari Garrafa Vidro 900ml,292,https://cms-prod.global.ssl.fastly.net/media/09-30-2024-606f1dbf-6719-4bd8-8540-0f9d53dc5e90-2ec066c5.png,RIGARRSPCAPITAL
4466,Licor Gabriel Boudier Creme de Cassis Dijon Garrafa Vidro 700ml,0,https://cms-prod.global.ssl.fastly.net/media/07-22-2024-476e9347-57ca-4bcc-9c7e-6c06626ecd9c-7174e273.png,RIGARRSPCAPITAL
4464,Licor Peachtree Garrafa Vidro 700ml,0,https://cms-prod.global.ssl.fastly.net/media/09-27-2024-e4f747ba-e7fb-4cef-af7c-3fbaa07aaa3a-2a04416d.png,RIGARRSPCAPITAL
4351,Whisky Gentleman Jack Garrafa Vidro 1L C/ Copo,0,https://cms-prod.global.ssl.fastly.net/media/09-27-2024-903020c3-2e65-4fd5-860e-0d40e096913f-5af6321e.png,RIGARRSPCAPITAL
4348,Whisky Jack Daniel's Apple Garrafa Vidro 700ml,0,https://cms-prod.global.ssl.fastly.net/media/07-24-2024-5cc46bf5-525d-4b4a-be38-434e5d914a64-3f623db6.png,RIGARRSPCAPITAL
4347,Whisky Jack Daniel's Fire Garrafa Vidro 700ml,0,https://one.bees.com/mf/admin-portal-main-mfe/69578b051631db0e07b7.svg,RIGARRSPCAPITAL
4346,Whisky Jack Daniel's Honey Garrafa Vidro 700ml,0,https://cms-prod.global.ssl.fastly.net/media/07-22-2024-009f835e-95ae-499f-9ae1-6ea00f964f0b-cb0d5bda.png,RIGARRSPCAPITAL
4345,Whisky Jack Daniel's Garrafa Vidro 700ml,0,https://cms-prod.global.ssl.fastly.net/media/07-22-2024-515f193d-0a9d-46c2-afaa-feac32a154b8-594e064e.png,RIGARRSPCAPITAL
4343,Cachaça Joia da Serra Tradicional Garrafa Vidro 1L,104,https://cms-prod.global.ssl.fastly.net/media/07-22-2024-f8deb04c-f7c6-4d26-8f5f-32609cf365c7-9a39f165.png,RIGARRSPCAPITAL
4337,Conhaque Rémy Martin XO Garrafa Vidro 700ml,0,https://cms-prod.global.ssl.fastly.net/media/07-23-2024-a50f092a-e327-4df1-8c3c-38adfaf45c44-24550c7b.png,RIGARRSPCAPITAL
4336,Conhaque Rémy Martin VSOP Garrafa Vidro 700ml,0,https://cms-prod.global.ssl.fastly.net/media/09-27-2024-1db2ceb2-9533-4846-8f7e-bcbc08764322-e4a8f7eb.png,RIGARRSPCAPITAL
4325,Licor De Kuyper Blue Curacao Garrafa Vidro 700ml,0,https://cms-prod.global.ssl.fastly.net/media/09-27-2024-82f835fa-a7c8-4ce8-8618-49c24225823e-e135dbfd.png,RIGARRSPCAPITAL
4324,Gin Inglês Martin Millers Garrafa Vidro 700ml,0,https://cms-prod.global.ssl.fastly.net/media/09-27-2024-506c24d4-3326-4bcb-8965-92d508e73e7f-fae40305.png,RIGARRSPCAPITAL
4323,Brandy Espanhol Gonzalez Byass Lepanto Garrafa Vidro 750ml,0,https://cms-prod.global.ssl.fastly.net/media/09-27-2024-1ce62999-04b9-4d2f-99fc-2f86f1affb52-d0ebbf5c.png,RIGARRSPCAPITAL
4322,Whisky Ame 1792 Small Batch Garrafa Vidro 750ml,0,https://cms-prod.global.ssl.fastly.net/media/09-27-2024-e4cb9d15-9c3d-4d46-92dc-44a61c49ab9b-399e4ab1.png,RIGARRSPCAPITAL
4303,Vodka Brewdog Seven Day Original Garrafa Vidro 700ml,0,https://cms-prod.global.ssl.fastly.net/media/09-30-2024-3504b619-676b-4bf1-8ffe-e864fa6c51ea-a9a49228.png,RIGARRSPCAPITAL
4302,Whisky High West Double Rye Garrafa Vidro 750ml,0,https://cms-prod.global.ssl.fastly.net/media/09-30-2024-fed5d3e6-5a85-458a-8497-58384b8ad8d3-98b07c2e.png,RIGARRSPCAPITAL
4301,Whisky High West Bourbon Barrel Select Garrafa Vidro 750ml,0,https://cms-prod.global.ssl.fastly.net/media/09-30-2024-24876dce-ca79-4ae1-b64c-9e2d79c75bf1-d02fc59f.png,RIGARRSPCAPITAL
4300,Licor Cointreau Noir Garrafa Vidro 700ml,0,https://cms-prod.global.ssl.fastly.net/media/09-30-2024-98e53362-a4ce-4af6-b33e-0c7390f9d9d1-82f94469.png,RIGARRSPCAPITAL
4217,Licor Amarula Vegan Garrafa Vidro 750ml,0,https://cms-prod.global.ssl.fastly.net/media/09-27-2024-ebc965bf-c258-4964-9f47-4246f545f849-1d52736a.png,RIGARRSPCAPITAL
418,Vodka Natasha Garrafa Vidro 900ml,0,https://cms-prod.global.ssl.fastly.net/media/09-27-2024-5c8c1fec-e087-4f79-ae48-63984674990d-cdb606df.png,RIGARRSPCAPITAL
4178,Whisky Jameson Miniatura Garrafa Vidro 50ml Caixa c/ 12 un,0,https://cms-prod.global.ssl.fastly.net/media/07-22-2024-3b91680f-9fb6-47d2-923b-25906fac7c56-03d71230.png,RIGARRSPCAPITAL
417,Tequila Jose Cuervo Silver Garrafa Vidro 750ml,195,https://cms-prod.global.ssl.fastly.net/media/07-24-2024-4f17b53c-1ac6-4842-8cca-7630276c93a8-e95413d0.png,RIGARRSPCAPITAL
416,Tequila Jose Cuervo Gold Garrafa Vidro 750ml,143,https://cms-prod.global.ssl.fastly.net/media/07-24-2024-5a5db740-40ee-40e8-86fc-ea73260b3282-a3c51dc6.png,RIGARRSPCAPITAL
4151,Whisky Esc Macallan Clascut Garrafa Vidro 700ml,0,https://cms-prod.global.ssl.fastly.net/media/07-24-2024-0b8b3bb7-d13e-471c-82d5-9cb0365ae88d-6a87b863.png,RIGARRSPCAPITAL
4139,Whisky Ame Eagle Rare Garrafa Vidro 750ml,0,https://cms-prod.global.ssl.fastly.net/media/07-24-2024-7cd5ee9e-c923-49f3-b042-62fb91a5db7b-881debf3.png,RIGARRSPCAPITAL
4130,Saquê Gekkeikan Dry Garrafa Vidro 750ml,0,https://cms-prod.global.ssl.fastly.net/media/09-30-2024-fd7e151c-2629-4886-aec1-782930dbb62f-60587adf.png,RIGARRSPCAPITAL
4129,Licor Fireball 50ml Caixa c/ 6 Un,0,https://cms-prod.global.ssl.fastly.net/media/09-27-2024-cfb93481-9c22-4dbc-a1c6-90c74469ed4b-6c98d831.png,RIGARRSPCAPITAL
4071,Vodka Ousadia Garrafa Vidro 900ml,0,https://cms-prod.global.ssl.fastly.net/media/09-27-2024-c31540b6-9e88-45c7-806d-a314678dd7a0-a413b7fd.png,RIGARRSPCAPITAL
4070,Whisky Hibiki Harmony 100 Anos Ed. Limitada Garrafa Vidro 700ml,0,https://cms-prod.global.ssl.fastly.net/media/07-24-2024-e5ecbb31-a6e4-47b6-af7c-f0e9c8532b57-9e348189.png,RIGARRSPCAPITAL
4068,Vinho Villa Rosa Frisante Rosé Garrafa Vidro 750ml,0,https://cms-prod.global.ssl.fastly.net/media/07-24-2024-fb110803-b6ab-402f-943a-90c41faad6a5-90272b81.png,RIGARRSPCAPITAL
4067,Vinho Villa Rosa Frisante Branco Garrafa Vidro 750ml,0,https://cms-prod.global.ssl.fastly.net/media/06-14-2024-3818bb8e-9618-42dc-ad4b-4a69a02888eb-49b2b8b7.png,RIGARRSPCAPITAL
4061,Xarope 1883 Tangerina Pet 1L,0,https://cms-prod.global.ssl.fastly.net/media/06-14-2024-c0638ee1-5864-4926-b207-8f12262804a7-0f58f2b7.png,RIGARRSPCAPITAL
4060,Xarope 1883 Maracujá Vermelho Pet 1L,0,https://cms-prod.global.ssl.fastly.net/media/07-24-2024-3c9a4113-2abd-4fba-947b-4a15670a7c24-d8a00d81.png,RIGARRSPCAPITAL
4059,Xarope 1883 Triple Sec Pet 1L,0,https://cms-prod.global.ssl.fastly.net/media/08-21-2024-9f5b9664-5705-40d6-934a-266bcf52646c-e8dd4a4c.png,RIGARRSPCAPITAL
4056,Xarope 1883 Chá de Pêssego Pet 1L,0,https://cms-prod.global.ssl.fastly.net/media/08-21-2024-91a4ceba-ff53-4acc-8d53-03255b584f6f-0f77316e.png,RIGARRSPCAPITAL
4055,Xarope 1883 Framboesa Pet 1L,0,https://cms-prod.global.ssl.fastly.net/media/08-21-2024-4aaa140b-3ba7-4dad-b829-a0dd921096e1-07ccf668.png,RIGARRSPCAPITAL
4054,Xarope 1883 Melão Cantaloupe Pet 1L,0,https://cms-prod.global.ssl.fastly.net/media/08-21-2024-ee83b06d-e543-4ba5-ab19-e9ca008624b3-ad8226b3.png,RIGARRSPCAPITAL
4039,Tequila Maestro Dobel Diamante Garrafa Vidro 700ml,0,https://cms-prod.global.ssl.fastly.net/media/08-21-2024-029ed7a5-0358-4d2c-86ae-4b6be0856d27-ec0ab18b.png,RIGARRSPCAPITAL
4038,Tequila 1800 Milenio Garrafa Vidro 700ml,0,https://cms-prod.global.ssl.fastly.net/media/09-27-2024-fa17682f-9976-4238-b1d2-4a72e6058719-28403f75.png,RIGARRSPCAPITAL
4037,Tequila 1800 Cristalino Garrafa Vidro 700ml,0,https://cms-prod.global.ssl.fastly.net/media/09-27-2024-aef7994f-05df-4b3e-939a-211763da959c-fb3da182.png,RIGARRSPCAPITAL
4005,Whisky Yamazaki Reserve Garrafa Vidro 700ml,0,https://cms-prod.global.ssl.fastly.net/media/09-27-2024-b4864e13-842b-42a7-a897-941988522d6a-31810d54.png,RIGARRSPCAPITAL
40,Licor Amarula Cream Garrafa Vidro 750ml,161,https://cms-prod.global.ssl.fastly.net/media/07-24-2024-98cc5996-ee6c-4bc0-a48e-19d8f6c154b4-3ce1d37b.png,RIGARRSPCAPITAL
3983,Xarope 1883 Limão Siciliano Pet 250ml,0,https://cms-prod.global.ssl.fastly.net/media/07-23-2024-936717da-e2dd-4be5-9b8c-f2c5cb273a34-0ff97285.png,RIGARRSPCAPITAL
3982,Xarope 1883 Cranberry Pet 250ml,0,https://cms-prod.global.ssl.fastly.net/media/08-21-2024-94621852-0968-4e24-8bb2-a86d3c351a0e-bfd9af65.png,RIGARRSPCAPITAL
3981,Xarope 1883 Gengibre Pet 250ml,0,https://cms-prod.global.ssl.fastly.net/media/08-21-2024-f8c88bb5-d48b-475d-9e4d-f0d06ebf375b-f380fd11.png,RIGARRSPCAPITAL
3980,Xarope 1883 de Maça Verde 250ml,0,https://cms-prod.global.ssl.fastly.net/media/08-21-2024-7bec0000-e344-4fe9-9c3e-c52092180187-653d119c.png,RIGARRSPCAPITAL
3979,Xarope 1883 Tangerina Pet 250ml,0,https://cms-prod.global.ssl.fastly.net/media/08-21-2024-83accfb6-30e5-4507-9222-2732dd2dcf13-d9980b1c.png,RIGARRSPCAPITAL
3978,Xarope 1883 Morango Pet 250ml,0,https://cms-prod.global.ssl.fastly.net/media/08-21-2024-c9f9f539-106e-44c3-9ff4-7080d76c7f02-e188e940.png,RIGARRSPCAPITAL
3965,Vermouth Antica Formula Garrafa Vidro 1L,0,https://cms-prod.global.ssl.fastly.net/media/08-21-2024-a6d27cd5-c7a2-4e7f-97b6-c45a7b85c82e-83b1f4cc.png,RIGARRSPCAPITAL
3964,Vermouth Carpano Dry Garrafa Vidro 1L,0,https://cms-prod.global.ssl.fastly.net/media/09-30-2024-05f75e02-f4e4-47c1-ad4a-5dbafd6fdc95-e646864a.png,RIGARRSPCAPITAL
3958,Xarope 1883 Curação Pet 1L,0,https://cms-prod.global.ssl.fastly.net/media/09-30-2024-76cfedd5-edb7-46e3-8ee4-12eb0c48a5ce-ec81aeff.png,RIGARRSPCAPITAL
3957,Xarope 1883 Gengibre Pet 1L,0,https://cms-prod.global.ssl.fastly.net/media/08-21-2024-97961777-ca6a-4cc3-99bd-17de5934a038-313a7905.png,RIGARRSPCAPITAL
3956,Xarope 1883 Maçã Verde Pet 1L,0,https://cms-prod.global.ssl.fastly.net/media/08-21-2024-be4db260-2951-4ac2-be69-60cdf5f65b23-3c5b2ade.png,RIGARRSPCAPITAL
3954,Xarope 1883 Limão Pet 1L,0,https://cms-prod.global.ssl.fastly.net/media/07-24-2024-e95a6f9e-a422-4bab-a0ab-3579845adf3d-060e8a96.png,RIGARRSPCAPITAL
3953,Xarope 1883 Grenadine (Frutas Vermelhas) Pet 1L,0,https://one.bees.com/mf/admin-portal-main-mfe/69578b051631db0e07b7.svg,RIGARRSPCAPITAL
3952,Xarope 1883 Morango Pet 1L,0,https://cms-prod.global.ssl.fastly.net/media/07-24-2024-dfef26f7-e6c3-43fb-a0c0-dd8366c7741c-7e7e121c.png,RIGARRSPCAPITAL
3951,Xarope 1883 de Chai Pet 1L,0,https://cms-prod.global.ssl.fastly.net/media/07-24-2024-64ee755e-65f7-41c2-a974-d054697cfa24-cc87ebee.png,RIGARRSPCAPITAL
3950,Xarope 1883 Avelã Pet 1L,0,https://cms-prod.global.ssl.fastly.net/media/08-21-2024-ec456b8a-38c5-47cb-ba51-71db0f231cab-92268677.png,RIGARRSPCAPITAL
3949,Xarope 1883 Baunilha Pet 1L,0,https://cms-prod.global.ssl.fastly.net/media/08-21-2024-b3956d68-d585-45ec-8650-4b2a39ed9c11-036849d0.png,RIGARRSPCAPITAL
3948,Xarope 1883 Laranja Vermelha Pet 1L,0,https://cms-prod.global.ssl.fastly.net/media/08-21-2024-7ca2a179-e96e-4c41-88d2-995f250945a1-57cf9763.png,RIGARRSPCAPITAL
3947,Xarope 1883 Melancia Pet 1L,0,https://cms-prod.global.ssl.fastly.net/media/08-21-2024-197d4eaf-d623-477f-acf3-e129603a0c80-9b25f303.png,RIGARRSPCAPITAL
3946,Cápsula de Gás para Chantilly N20 Caixa c/ 10 Un,0,https://cms-prod.global.ssl.fastly.net/media/08-21-2024-8d0e2355-53d4-4a78-935d-a6cde1c0f05f-dcefe967.png,RIGARRSPCAPITAL
3945,Xarope 1883 Cranberry Pet 1L,0,https://drive.google.com/file/d/1yz9YZ1NrtAMXsajY3tluobC9y5Wecng9/view?usp=drive_link,RIGARRSPCAPITAL
3923,Whisky Chivas Regal 12 Anos Miniatura Garrafa Vidro 50ml Caixa c/ 12 un,0,https://cms-prod.global.ssl.fastly.net/media/08-21-2024-6bc7da03-e7c5-4d40-924b-6f03673e384a-75dbbd29.png,RIGARRSPCAPITAL
3920,Gin Beefeater Dry Miniatura Garrafa Vidro 50ml Caixa c/ 12 un,0,https://cms-prod.global.ssl.fastly.net/media/07-24-2024-a0e670a9-fad1-4993-a11a-0acea408a117-0f778938.png,RIGARRSPCAPITAL
3912,Vermouth Carpano Bianco Garrafa Vidro 950ml,0,https://cms-prod.global.ssl.fastly.net/media/07-23-2024-4ed10574-1a4c-4be7-88a4-0d3810ae9207-3b3a651c.png,RIGARRSPCAPITAL
3911,Licor Amarula Chocolate Garrafa Vidro 750ml,0,https://cms-prod.global.ssl.fastly.net/media/09-30-2024-f1d1a811-494d-49d0-9278-623324f4db62-ea9f9541.png,RIGARRSPCAPITAL
39,Vodka Grey Goose Original Garrafa Vidro 750ml,101,https://cms-prod.global.ssl.fastly.net/media/09-27-2024-6c6e924e-d362-4d0e-9529-92d42f15ea6e-61061734.png,RIGARRSPCAPITAL
3839,Licor 43 Diego Zamora Garrafa Vidro 700ml + 2 Copos,0,https://cms-prod.global.ssl.fastly.net/media/07-22-2024-0994074c-b2e1-4357-bd1a-838001c7f83c-de62e1a2.png,RIGARRSPCAPITAL
3820,Vodka Belvedere 700ml,1164,https://cms-prod.global.ssl.fastly.net/media/09-27-2024-16166f9b-2e5c-4839-a78e-57ca4d9bb32f-c4e435db.png,RIGARRSPCAPITAL
3805,Refrigerante St. Pierre Blueberry Lata 270ml Caixa c/ 6 un,0,https://cms-prod.global.ssl.fastly.net/media/07-24-2024-4bcc4474-e47e-4be6-ab27-6f89a43fc759-c82ea998.jpeg,RIGARRSPCAPITAL
3804,Refrigerante St. Pierre Pink Lemonade Long Neck 200ml Caixa c/ 12 un,0,https://cms-prod.global.ssl.fastly.net/media/07-23-2024-bceec718-0a4d-4322-ab1c-31fd3c5c851d-61de1297.png,RIGARRSPCAPITAL
38,Vermouth Martini Rosato Garrafa Vidro 750ml,0,https://cms-prod.global.ssl.fastly.net/media/07-24-2024-ae55b7f8-489b-4335-9d42-ffec08703447-bd6cd4f5.png,RIGARRSPCAPITAL
3795,Água Tônica St. Pierre Sugar Free Lata 270ml Caixa c/ 6 un,0,https://cms-prod.global.ssl.fastly.net/media/07-23-2024-ebb41930-1acf-4623-a57a-6599c8979d95-04def9bc.png,RIGARRSPCAPITAL
3781,Licor Villa Massa Limoncello Garrafa Vidro 700ml,0,https://cms-prod.global.ssl.fastly.net/media/07-22-2024-3028e958-d91f-489f-8c0f-a91e8ccca566-dc1fef9b.png,RIGARRSPCAPITAL
3771,Vodka Belvedere Pure Garrafa Vidro 700ml,0,https://cms-prod.global.ssl.fastly.net/media/09-27-2024-09f2dd3d-ad40-4faf-a4c3-b1d412a9f8db-7dff7bd4.png,RIGARRSPCAPITAL
3766,Espumante Chandon Passion Rosé Garrafa Vidro 750ml,1449,https://cms-prod.global.ssl.fastly.net/media/07-24-2024-2cb8a3a5-350f-4f73-9f65-3684b1f96448-f1e3d81e.png,RIGARRSPCAPITAL
3765,Espumante Chandon Riche Demi-Sec Garrafa Vidro 750ml,1338,https://cms-prod.global.ssl.fastly.net/media/07-22-2024-061e2c1e-6e3f-4c83-ad41-5e34fa0260f8-fefcc640.png,RIGARRSPCAPITAL
3764,Espumante Chandon Réserve Brut Garrafa Vidro 750ml,6790,https://cms-prod.global.ssl.fastly.net/media/07-23-2024-48191be1-8e9a-469a-9aae-7b05f21fa328-d5ead269.png,RIGARRSPCAPITAL
3761,Espumante Chandon Baby Brut Garrafa Vidro 187ml,0,https://cms-prod.global.ssl.fastly.net/media/07-23-2024-047975e7-5475-4ca1-bcbb-ba7770109a0e-dbc20612.png,RIGARRSPCAPITAL
3760,Espumante Chandon Baby Brut Rosé Garrafa Vidro 187ml,2415,https://cms-prod.global.ssl.fastly.net/media/07-22-2024-13a9b31c-d7ac-4677-9399-ab1d495a3a6e-d9241b0f.png,RIGARRSPCAPITAL
3759,Espumante Chandon Brut Rosé Garrafa Vidro 750ml,5526,https://cms-prod.global.ssl.fastly.net/media/07-22-2024-873da4fe-7afc-46a6-ac84-5cbaf9b34f79-8e0f8f5c.png,RIGARRSPCAPITAL
3708,Tequila Herradura Blanco Garrafa Vidro 750ml,0,https://cms-prod.global.ssl.fastly.net/media/07-22-2024-c2a5b68c-0b21-44bf-8532-eca2e8b3140c-b46546ee.png,RIGARRSPCAPITAL
37,Vermouth Martini Bianco Garrafa Vidro 750ml,163,https://cms-prod.global.ssl.fastly.net/media/07-24-2024-72442025-f9b5-4daa-a298-2aaf63e72a8c-0a0e792a.png,RIGARRSPCAPITAL
3651,Gin Fords London Dry Garrafa Vidro 750ml,0,https://cms-prod.global.ssl.fastly.net/media/07-23-2024-3ec133fb-e38b-45c9-acb6-fda36cf275b2-eafad18c.png,RIGARRSPCAPITAL
3634,Licor Fireball Garrafa Vidro 750 ml + 2 Copos,0,https://cms-prod.global.ssl.fastly.net/media/07-23-2024-4645a24f-1f4a-419a-bab7-3079b03cb04c-ab296317.png,RIGARRSPCAPITAL
3503,Licor Amarula Rasberry Garrafa Vidro 750ml,0,https://cms-prod.global.ssl.fastly.net/media/09-27-2024-165d4f3d-982d-4ae7-9a9f-595dd4cc51ba-ad92e8bd.png,RIGARRSPCAPITAL
35,Rum Bacardi Gold Garrafa Vidro 980ml,187,https://cms-prod.global.ssl.fastly.net/media/09-27-2024-8ccb99d5-2e0c-4f50-81a3-9865094c5659-5b8452d6.png,RIGARRSPCAPITAL
3488,Whisky Grants Triple Wood Garrafa Vidro 1L,0,https://cms-prod.global.ssl.fastly.net/media/07-24-2024-6b5aeb41-0e12-49de-b587-431b561b367e-89361672.png,RIGARRSPCAPITAL
3487,Whisky Jack Honey Garrafa Vidro 375ml,256,https://cms-prod.global.ssl.fastly.net/media/07-24-2024-5a073d76-dceb-429c-bc3d-7160418c71ea-b1d27137.png,RIGARRSPCAPITAL
3484,Whisky Esc Macallan Rare Cask Single Malt Garrafa Vidro 700ml,0,https://cms-prod.global.ssl.fastly.net/media/07-24-2024-96f8b460-5123-41c4-bef4-389768a8734b-ebba2688.png,RIGARRSPCAPITAL
3483,Whisky Esc Macallan Double 18 Anos Garrafa Vidro 700ml,0,https://cms-prod.global.ssl.fastly.net/media/07-24-2024-e7aea730-f12c-4856-b17e-90f9291a8b06-6da550d0.png,RIGARRSPCAPITAL
3482,Whisky Esc Macallan Double 15 Anos Garrafa Vidro 700ml,0,https://cms-prod.global.ssl.fastly.net/media/07-24-2024-4e92ab9a-a15f-4dab-b1ee-f13d17e5d9d7-5dc35d09.png,RIGARRSPCAPITAL
3481,Destilado Schlichte Steinhaeger Original Golden Shoe Garrafa Vidro 700ml,0,https://cms-prod.global.ssl.fastly.net/media/07-24-2024-e59596ab-f0f4-44b8-b8d0-146f33ced811-ed8ccfbc.png,RIGARRSPCAPITAL
3480,Whisky Esc Macallan Sherry Oak Garrafa Vidro 700ml,0,https://cms-prod.global.ssl.fastly.net/media/09-27-2024-b0d848f1-e635-47d7-afeb-b8da23bce2e0-8270e72b.png,RIGARRSPCAPITAL
3479,Whisky The Famous Grouse Garrafa Vidro 750ml,0,https://cms-prod.global.ssl.fastly.net/media/07-24-2024-fa9952ed-c1a6-4e6f-a7e8-fcd439da5dd0-6e41c2e0.png,RIGARRSPCAPITAL
3470,Cachaça Seleta Ouro Garrafa Vidro 1L,1102,https://cms-prod.global.ssl.fastly.net/media/09-30-2024-c346f880-31e6-434a-ae41-d9eb9a69051d-a9713442.png,RIGARRSPCAPITAL
3466,"Vodka Orloff Garrafa Vidro 1,750ml",201,https://cms-prod.global.ssl.fastly.net/media/07-22-2024-e3f6b2fc-39b6-42ed-bb9e-1ba1045e47e4-972b5055.png,RIGARRSPCAPITAL
3463,Licor Amarula Vanile Spice Garrafa Vidro 750ml,0,https://cms-prod.global.ssl.fastly.net/media/07-22-2024-b59c49f6-6963-4c06-9e78-3b1b53943d7a-666a97df.png,RIGARRSPCAPITAL
3460,Cachaça Salinas Carvalho Garrafa Vidro 700ml,0,https://cms-prod.global.ssl.fastly.net/media/09-27-2024-63e3ff19-a3d6-4ad7-9fb1-10bb48aa444d-283dc56d.png,RIGARRSPCAPITAL
3453,Vodka Grey Goose Strawberry Garrafa Vidro 750ml,0,https://cms-prod.global.ssl.fastly.net/media/09-04-2024-2c5569d3-1e2b-439b-b3ab-07c01abd363f-e822583b.png,RIGARRSPCAPITAL
3451,Whisky Esc Macallan Double 12 Anos Garrafa Vidro 700ml,0,https://cms-prod.global.ssl.fastly.net/media/07-24-2024-648dd24b-41d6-4ced-9685-23ff6797f849-1ad45b80.png,RIGARRSPCAPITAL
3440,Cachaça Seleta Prata Garrafa Vidro 1L,677,https://cms-prod.global.ssl.fastly.net/media/07-24-2024-a4760ec1-406c-4770-8aa7-5eaa1177864c-419a6ce5.png,RIGARRSPCAPITAL
3434,Licor 43 Diego Zamora Chocolate Garrafa Vidro 700ml,0,https://cms-prod.global.ssl.fastly.net/media/07-22-2024-2752572d-5abe-4341-857b-17acf33df246-82ef24a1.png,RIGARRSPCAPITAL
3431,Cachaça Salinas Umberana Garrafa Vidro 1L,0,https://one.bees.com/mf/admin-portal-main-mfe/69578b051631db0e07b7.svg,RIGARRSPCAPITAL
3420,Whisky Ame Buffalo Trace Garrafa Vidro 750ml,0,https://cms-prod.global.ssl.fastly.net/media/09-04-2024-8c1c16c5-ba1e-4e46-acc9-8d10cdbbe04e-2b165967.png,RIGARRSPCAPITAL
3407,Cachaça Salinas Cristalina Garrafa Vidro 600ml,0,https://cms-prod.global.ssl.fastly.net/media/09-30-2024-b4ec2a06-752c-4e9e-a48f-f3792442c1a1-62f4d1fe.png,RIGARRSPCAPITAL
3404,Bitter Angostura Cocoa Pet 100ml,0,https://cms-prod.global.ssl.fastly.net/media/09-04-2024-a0487e9d-2d3b-4070-98bf-92324f9947f3-ff1f2d28.png,RIGARRSPCAPITAL
34,Rum Bacardi Superior Garrafa Vidro 980ml,0,https://cms-prod.global.ssl.fastly.net/media/09-27-2024-7810310e-8ed9-4eb7-9b37-3597bcfbc93c-04aa110f.png,RIGARRSPCAPITAL
3373,Cachaça Salinas Tradicional Garrafa Vidro 700ml,0,https://cms-prod.global.ssl.fastly.net/media/07-24-2024-3a718c42-51f2-40cf-bfd6-c86e4c5b9ed2-7ecf46d7.png,RIGARRSPCAPITAL
3372,Cachaça Salinas Umberana Garrafa Vidro 600ml,0,https://cms-prod.global.ssl.fastly.net/media/09-04-2024-8dad677d-be58-4b6e-ba6d-322ed545d6c9-8c393952.png,RIGARRSPCAPITAL
3371,Cachaça Salinas Tradicional Garrafa Vidro 1L,0,https://cms-prod.global.ssl.fastly.net/media/09-04-2024-7175cd80-f031-4a2d-a5fc-27c24698072d-33a17827.png,RIGARRSPCAPITAL
3369,Cachaça Salinas Ipê Garrafa Vidro 700ml,0,https://cms-prod.global.ssl.fastly.net/media/09-04-2024-d69bc3d8-f851-46d8-92c2-49ef3ec47376-b1ce4940.png,RIGARRSPCAPITAL
3368,Cachaça Salinas Tradicional Cerâmica 670ml,0,https://cms-prod.global.ssl.fastly.net/media/09-04-2024-2b664394-08c3-438e-ba15-c10f5c7cdd56-ab56566e.png,RIGARRSPCAPITAL
3366,Vodka Stolichnaya Harvey Milk Garrafa Vidro 1L,0,https://cms-prod.global.ssl.fastly.net/media/09-04-2024-9b8ee606-793c-421d-86b9-71d48f00c575-2c7f1c6a.png,RIGARRSPCAPITAL
3364,Cachaça Salinas Cristalina Garrafa Vidro 1L,0,https://cms-prod.global.ssl.fastly.net/media/09-30-2024-e5518317-70af-4ec2-bfa3-0a8e75a0d96f-25ec7bf5.png,RIGARRSPCAPITAL
3360,Cachaça Salinas Cristalina Garrafa Vidro 700ml,0,https://cms-prod.global.ssl.fastly.net/media/09-04-2024-8c0a7948-7745-4f85-a7ef-c1766c512c83-872b7495.png,RIGARRSPCAPITAL
3354,Vodka Grey Goose Watermelon Garrafa Vidro 750ml,0,https://cms-prod.global.ssl.fastly.net/media/09-04-2024-27005aa3-bffa-456d-8feb-f24f52d7b504-83756238.png,RIGARRSPCAPITAL
3352,Cachaça Salinas Tradicional Garrafa Vidro 600ml,0,https://cms-prod.global.ssl.fastly.net/media/07-24-2024-1fa5893b-1a23-44da-bfa3-45ecce2ac6c2-45bd8bf1.png,RIGARRSPCAPITAL
3347,Tequila Jose Cuervo Especial Garrafa Vidro 750ml + 1 Taça,0,https://cms-prod.global.ssl.fastly.net/media/09-04-2024-ba0c1dec-f747-42b6-be7c-57dc0abe819d-c8b97b24.png,RIGARRSPCAPITAL
3345,Licor 43 Diego Zamora Garrafa Vidro 700ml + 1 Copo,0,https://cms-prod.global.ssl.fastly.net/media/09-27-2024-4db77901-8993-4d4f-99a8-6c8b413335bb-a965c4b7.png,RIGARRSPCAPITAL
3340,Licor Amarula Ethiopian Coffee Garrafa Vidro 750ml,0,https://cms-prod.global.ssl.fastly.net/media/09-27-2024-fcf5c286-72bf-4a51-8510-b3aead397a1e-72277aee.png,RIGARRSPCAPITAL
3331,Aperitivo Ramazzotti Amaro Garrafa Vidro 750ml,0,https://cms-prod.global.ssl.fastly.net/media/09-27-2024-bfb9467a-5b6b-4e1d-ae41-5675b02da7cd-b48e76fc.png,RIGARRSPCAPITAL
3328,Cachaça Salinas Umberana Garrafa Vidro 700ml,0,https://cms-prod.global.ssl.fastly.net/media/09-04-2024-d48d6409-0187-49d5-a987-d2362bc191dd-e11f15c1.png,RIGARRSPCAPITAL
3326,Gin Orloff Garrafa Vidro 1L,0,https://cms-prod.global.ssl.fastly.net/media/09-04-2024-4134e717-6ec6-4cba-88c6-77e7187fd56a-954cfcb5.png,RIGARRSPCAPITAL
3309,Refrigerante St. Pierre Blueberry Lata 270ml Caixa c/ 24 un,0,https://cms-prod.global.ssl.fastly.net/media/07-23-2024-1e29680c-466e-4059-8847-4c7df0688bc3-dc1b45e3.png,RIGARRSPCAPITAL
3303,Vinho Villa Wolf Pinot Noir Rosé Garrafa Vidro 750ml,0,https://cms-prod.global.ssl.fastly.net/media/07-24-2024-a9bca469-383e-43cc-9507-700638824706-1f65df70.png,RIGARRSPCAPITAL
3295,Cachaça Ypioca Mestre Prata Garrafa Vidro 965ml,0,https://cms-prod.global.ssl.fastly.net/media/09-27-2024-a3f3d053-c920-4fa0-b812-db19d9ccc970-9ac99106.png,RIGARRSPCAPITAL
3290,Licor 43 Diego Zamora Baristo Garrafa Vidro 700ml,0,https://cms-prod.global.ssl.fastly.net/media/07-22-2024-09fe3258-516b-488d-80e3-bcb5b9b18cc4-2fa533b0.png,RIGARRSPCAPITAL
3273,Tequila Jose Cuervo Calavera Tradicional Garrafa Vidro 750ml,0,https://cms-prod.global.ssl.fastly.net/media/09-27-2024-8abde082-3f3d-4a0e-98d6-8de6a618e423-4498c315.png,RIGARRSPCAPITAL
3250,Tequila Jose Cuervo Calavera Ouro Garrafa Vidro 750ml,0,https://cms-prod.global.ssl.fastly.net/media/09-27-2024-626e6712-8259-44e3-b660-f7c29c0bb18d-de5897c3.png,RIGARRSPCAPITAL
3247,Licor Ballena Garrafa Vidro 750ml,0,https://cms-prod.global.ssl.fastly.net/media/09-27-2024-53349ff9-26fd-41d1-b486-40dce3758a7f-c530bff6.png,RIGARRSPCAPITAL
3220,Tequila Jose Cuervo Calavera Prata Garrafa Vidro 750ml,0,https://cms-prod.global.ssl.fastly.net/media/09-27-2024-0d04cc66-99dd-4999-aede-4351cdbca9f0-7f850286.png,RIGARRSPCAPITAL
3199,Aperitivo Vermelhão Amaro Garrafa Vidro 740ml,0,https://cms-prod.global.ssl.fastly.net/media/09-27-2024-c2c30e0a-8b35-4707-8ba8-719d3125f87b-dafb9f2c.png,RIGARRSPCAPITAL
3195,Drink Pronto Vermelhão Tonic Lata 220ml Caixa c/ 6 Un,0,https://cms-prod.global.ssl.fastly.net/media/09-04-2024-9de41c51-9e4e-4c3b-a60b-68678345b51b-9bd3efc0.png,RIGARRSPCAPITAL
3181,Tequila Jose Cuervo Gold Garrafa Vidro 750ml + 2 Copos,0,https://cms-prod.global.ssl.fastly.net/media/09-04-2024-2a24401e-b1b2-4723-ab06-efddd7b4b2ed-bb5b8b6b.png,RIGARRSPCAPITAL
3180,Refrigerante St. Pierre Pink Lemonade Lata 270ml Caixa c/ 6 un,0,https://cms-prod.global.ssl.fastly.net/media/09-30-2024-78a3b076-2cd7-4b5a-9f1c-24d9d18bcf19-0cf5fcfe.png,RIGARRSPCAPITAL
3179,Refrigerante St. Pierre Pink Lemonade Lata 270ml Caixa c/ 12 un,0,https://cms-prod.global.ssl.fastly.net/media/07-24-2024-0b99f805-c027-4070-9328-bca7a1c97b0b-d7b81c17.png,RIGARRSPCAPITAL
3171,Água Tônica St. Pierre Lata 270ml Caixa c/ 6 un,0,https://cms-prod.global.ssl.fastly.net/media/07-24-2024-2db2a0f6-7a63-4aa0-a095-aebfd5dec77e-3930ed7e.png,RIGARRSPCAPITAL
3165,Vodka Pinnacle Garrafa Vidro 1L,0,https://cms-prod.global.ssl.fastly.net/media/07-22-2024-ce631e23-da93-42fd-9b3b-b0cc04f75b37-c0c6c753.png,RIGARRSPCAPITAL
3151,Whisky Jim Beam Apple Garrafa Vidro 1L,1440,https://cms-prod.global.ssl.fastly.net/media/07-24-2024-ed8bbdba-724b-4a37-a1e2-673ce451a6cc-4a0dffaf.png,RIGARRSPCAPITAL
3137,Whisky J. Walker Red Label Garrafa Vidro 750ml,178,https://cms-prod.global.ssl.fastly.net/media/07-24-2024-a3884bf8-3a63-46cd-afa1-c278e468578e-725f67a8.png,RIGARRSPCAPITAL
3130,Gin Tanqueray Royale Garrafa Vidro 700ml,0,https://cms-prod.global.ssl.fastly.net/media/07-24-2024-0375024d-2a3e-4849-9ccf-705b3b9ab786-451c2b2c.png,RIGARRSPCAPITAL
3127,Vinho Rosé Cala de Poeti Rosato Garrafa Vidro 750ml,0,https://cms-prod.global.ssl.fastly.net/media/07-22-2024-f09868e2-e8cd-4ab6-929e-b887abdbc998-aa7cbe93.png,RIGARRSPCAPITAL
3126,Vinho Branco Cala de Poeti Bianco Garrafa Vidro 750ml,0,https://cms-prod.global.ssl.fastly.net/media/06-14-2024-adf058a2-132a-4c34-8a77-515928cdbfdb-b4786f99.png,RIGARRSPCAPITAL
3125,Vinho Vino Rosso Loggia Delle Sassaie Garrafa Vidro 750ml,0,https://cms-prod.global.ssl.fastly.net/media/06-14-2024-bcd57b2b-895e-4676-b9e0-8bb5bae881b1-f15dab96.png,RIGARRSPCAPITAL
3124,Vinho Comassi Primitivo Puglia Garrafa Vidro 750ml,0,https://cms-prod.global.ssl.fastly.net/media/06-14-2024-8a65d7ab-f72a-4032-84a2-beb6157ec6cc-288dcff2.png,RIGARRSPCAPITAL
312,Rum Malibu Garrafa Vidro 750ml,122,https://cms-prod.global.ssl.fastly.net/media/06-14-2024-b1556157-59e3-4f4f-b677-a6098ea98658-6af39b6b.png,RIGARRSPCAPITAL
3063,Espumante Alud Rosé Garrafa Vidro 750ml,906,https://cms-prod.global.ssl.fastly.net/media/07-22-2024-8b8a1be9-e5d7-49d4-843a-ec5d6a196f01-afdf57c3.png,RIGARRSPCAPITAL
3054,Licor Ballena Garrafa Vidro 750ml,739,https://cms-prod.global.ssl.fastly.net/media/06-14-2024-85592446-514c-49b3-8242-313157e40696-4f9c85ab.png,RIGARRSPCAPITAL
3027,Vinho Villa Rosa Privado Tinto Garrafa Vidro 750ml,0,https://cms-prod.global.ssl.fastly.net/media/08-22-2024-67183f1f-2b29-473a-9dc6-13548845dc16-e7f91a74.png,RIGARRSPCAPITAL
3026,Vinho Villa Rosa Privado Branco Garrafa Vidro 750ml,0,https://cms-prod.global.ssl.fastly.net/media/06-14-2024-b3372a2f-f565-402a-a8d7-f017e5ca055b-ef9d1ab3.png,RIGARRSPCAPITAL
3025,Vinho Villa Rosa Escolha Rosé Garrafa Vidro 750ml,0,https://cms-prod.global.ssl.fastly.net/media/06-14-2024-2b3100fd-0824-456e-8535-2c1666aa62eb-dba2dd11.png,RIGARRSPCAPITAL
3024,Vinho Villa Rosa Escolha Tinto Garrafa Vidro 750ml,0,https://cms-prod.global.ssl.fastly.net/media/06-14-2024-44d4b218-a2a7-49b7-8c86-6409be5066f5-83b74491.png,RIGARRSPCAPITAL
3023,Vinho Villa Rosa Escolha Branco Garrafa Vidro 750ml,0,https://one.bees.com/mf/admin-portal-main-mfe/69578b051631db0e07b7.svg,RIGARRSPCAPITAL
3022,Vinho Tinto Collemare NEO Rosso Sicily Garrafa Vidro 750ml,0,https://cms-prod.global.ssl.fastly.net/media/06-14-2024-c467a35f-1ba5-4f7e-8d7f-0eeafb52c1a9-245c1f4f.png,RIGARRSPCAPITAL
302,Vodka Ciroc Garrafa Vidro 750Ml,0,https://cms-prod.global.ssl.fastly.net/media/06-14-2024-378d7caa-358d-4d33-b05b-50437147def3-96561eb1.png,RIGARRSPCAPITAL
3017,Gin Marina Rosé Garrafa Vidro 750ml,0,https://cms-prod.global.ssl.fastly.net/media/07-22-2024-ecd6fd66-0eef-457b-ae78-75d474c01f10-17271c74.png,RIGARRSPCAPITAL
3011,Espumante Alud Brut Branco Garrafa Vidro 750ml,1153,https://cms-prod.global.ssl.fastly.net/media/07-23-2024-eb2b7c79-57f2-4c6f-8e7f-8db5dbadeb53-3f400a70.png,RIGARRSPCAPITAL
2982,Vinho Mov Tinto Garrafa Vidro 750ml,0,https://cms-prod.global.ssl.fastly.net/media/06-14-2024-3ef4eef4-73bf-4e44-855f-08e68b4c906c-e27e0609.png,RIGARRSPCAPITAL
2981,Vinho Mov Branco Garrafa Vidro 750ml,0,https://cms-prod.global.ssl.fastly.net/media/06-14-2024-d25ca8ad-168c-472d-8241-110c6c498b23-97442edb.png,RIGARRSPCAPITAL
2965,Refrigerante St. Pierre Pink Lemonade Lata 270ml Caixa c/ 24 un,0,https://cms-prod.global.ssl.fastly.net/media/06-14-2024-424ed326-7087-4823-85aa-5b91504490b2-1f71374e.png,RIGARRSPCAPITAL
2949,Gin Marina Garrafa Vidro 750ml,0,https://cms-prod.global.ssl.fastly.net/media/07-24-2024-d439b885-ed9f-430a-9ab8-2ecfc1be4417-085a9903.png,RIGARRSPCAPITAL
2943,Vinho Las Colinas Tinto Red Blend Garrafa Vidro 750ml,0,https://cms-prod.global.ssl.fastly.net/media/07-23-2024-66613bc6-353e-4da9-a3c7-4697bcd04ca9-d1301312.png,RIGARRSPCAPITAL
2938,Vinho Las Colinas Sauvignon Blanc Garrafa Vidro 750ml,0,https://cms-prod.global.ssl.fastly.net/media/06-14-2024-832afaed-e143-45a7-bd9a-6a2b9dab80b7-74c6cfc4.png,RIGARRSPCAPITAL
2937,Vinho Las Colinas Tinto Carménère Garrafa Vidro 750ml,0,https://cms-prod.global.ssl.fastly.net/media/06-14-2024-e45b49c7-8ce2-4787-a75b-f1510046e867-3b9fc926.png,RIGARRSPCAPITAL
2936,Vinho Las Colinas Cabernet Sauvignon Garrafa Vidro 750ml,0,https://cms-prod.global.ssl.fastly.net/media/06-14-2024-04af4b49-47d4-48b2-897e-87f5d42e674c-d400f499.png,RIGARRSPCAPITAL
2935,Vinho Punta de Lobos Reserva Chardonnay Garrafa Vidro 750ml,0,https://cms-prod.global.ssl.fastly.net/media/06-14-2024-b454556e-b1f3-4c1f-a60d-25b2842c1df7-1f1c04d1.png,RIGARRSPCAPITAL
2934,Vinho Punta de Lobos Reserva Sauvignon Blanc Garrafa Vidro 750ml,0,https://cms-prod.global.ssl.fastly.net/media/06-14-2024-23663654-dad9-445b-aaaa-884e194d1638-3446047a.png,RIGARRSPCAPITAL
2933,Vinho Punta de Lobos Reserva Merlot Garrafa Vidro 750ml,0,https://cms-prod.global.ssl.fastly.net/media/06-14-2024-4ded6335-4912-439f-b3f9-1886b475a963-4973cfb1.png,RIGARRSPCAPITAL
2932,Vinho Punta de Lobos Reserva Malbec Garrafa Vidro 750ml,0,https://cms-prod.global.ssl.fastly.net/media/06-14-2024-109ee825-6764-429d-bd31-741c540f82af-00f4464e.png,RIGARRSPCAPITAL
2931,Vinho Punta de Lobos Reserva Carménère Garrafa Vidro 750ml,0,https://cms-prod.global.ssl.fastly.net/media/06-14-2024-f6063e28-9cd3-47f1-bea6-e5578a0556a5-ef91d57b.png,RIGARRSPCAPITAL
2930,Vinho Punta de Lobos Reserva Cabernet Sauvignon Garrafa Vidro 750ml,0,https://cms-prod.global.ssl.fastly.net/media/06-14-2024-547ec73c-050a-46e9-a4db-2650ba7d82e7-e1d4396e.png,RIGARRSPCAPITAL
2929,Vinho Foodkiller Chardonnay Garrafa Vidro 750ml,0,https://cms-prod.global.ssl.fastly.net/media/06-14-2024-6f048eb2-6b33-4c32-8931-99e66c7b7c28-4d950724.png,RIGARRSPCAPITAL
2928,Vinho Foodkiller Carménère Garrafa Vidro 750ml,0,https://cms-prod.global.ssl.fastly.net/media/06-14-2024-d7b5c2bf-cbe7-4283-a21f-6cfee3a7aacc-f557b1c3.png,RIGARRSPCAPITAL
2927,Vinho Foodkiller Cabernet Sauvignon Garrafa Vidro 750ml,0,https://cms-prod.global.ssl.fastly.net/media/06-14-2024-5f200495-73f1-440b-8bc7-fda094f2dda9-467c4118.png,RIGARRSPCAPITAL
2926,Vinho Foodkiller Cabernet Sauvignon Merlot Garrafa Vidro 750ml,0,https://cms-prod.global.ssl.fastly.net/media/06-14-2024-5c8a7fd0-a3e5-4eaa-9859-c13a79ce934a-73512117.png,RIGARRSPCAPITAL
2925,Vinho Gravedad Cabernet Sauvignon Garrafa Vidro 750ml,0,https://cms-prod.global.ssl.fastly.net/media/06-14-2024-49efd2db-4f9e-48f7-a160-6db1f68b4813-135a4821.png,RIGARRSPCAPITAL
2924,Vinho Gravedad Carménère Garrafa Vidro 750ml,0,https://cms-prod.global.ssl.fastly.net/media/06-14-2024-cf42a241-5c12-4731-9240-29708680671c-5b11866b.png,RIGARRSPCAPITAL
2923,Vinho Gravedad Sauvignon Blanc Garrafa Vidro 750ml,0,https://cms-prod.global.ssl.fastly.net/media/06-14-2024-0cf8cb91-fafd-4791-9bc0-fd2b769d5923-58923ba4.png,RIGARRSPCAPITAL
2922,Vinho Gravedad Cabernet Sauvignon Carménère Garrafa Vidro 750ml,0,https://cms-prod.global.ssl.fastly.net/media/06-14-2024-f03eb2c4-b6d1-40eb-8a5e-e17c869cfc1c-c6c5a3c0.png,RIGARRSPCAPITAL
2918,Vinho Adèle Tinto Garrafa Vidro 750ml,0,https://cms-prod.global.ssl.fastly.net/media/06-14-2024-76c9cf2b-7cdf-4346-aef2-c91c511dce5b-b01c38c2.png,RIGARRSPCAPITAL
2917,Vinho Adèle Branco Garrafa Vidro 750ml,0,https://cms-prod.global.ssl.fastly.net/media/06-14-2024-59927524-1533-40f3-b341-06432fada32f-3d5240e6.png,RIGARRSPCAPITAL
2916,Vinho Adèle Rosé Garrafa Vidro 750ml,0,https://cms-prod.global.ssl.fastly.net/media/06-14-2024-0f7b9707-88f7-4949-8af7-26ebe3dbf820-85c72cba.png,RIGARRSPCAPITAL
2914,Vinho Adega da Serra Tinto Garrafa Vidro 750ml,0,https://cms-prod.global.ssl.fastly.net/media/06-14-2024-8b0a2e0f-633a-4a9f-8607-e3c775774a41-80849f6c.png,RIGARRSPCAPITAL
2906,Vinho Chão do Conde Colheita Branco Garrafa Vidro 750ml,0,https://cms-prod.global.ssl.fastly.net/media/06-14-2024-ddba52e4-419f-4027-bcdb-d9a634a42b13-5cd39eb1.png,RIGARRSPCAPITAL
290,Conhaque Dreher Garrafa Vidro 900ml,255,https://cms-prod.global.ssl.fastly.net/media/06-14-2024-6377276b-f745-43f9-88dc-0f3146b8e65e-fa39fa42.png,RIGARRSPCAPITAL
2895,Vinho Humberto Canale Denario Sauvignon Blanc Garrafa Vidro 750ml,0,https://cms-prod.global.ssl.fastly.net/media/07-22-2024-b34dfe88-3316-483e-b7b4-dcb365d36ac4-a837217b.png,RIGARRSPCAPITAL
2894,Vinho Humberto Canale Denario Tinto Cabernet Sauvignon Garrafa Vidro 750ml,0,https://cms-prod.global.ssl.fastly.net/media/06-14-2024-808c7e15-1a1d-499d-9f3a-39a90b9b33d2-52b915fa.png,RIGARRSPCAPITAL
2893,Vinho Humberto Canale Denario Tinto Malbec Garrafa Vidro 750ml,0,https://cms-prod.global.ssl.fastly.net/media/06-14-2024-729a33a7-2013-4a82-94b3-078a01de3a2f-aff59cca.png,RIGARRSPCAPITAL
2892,Vinho Chão do Conde Colheita Tinto Garrafa Vidro 750ml,0,https://cms-prod.global.ssl.fastly.net/media/06-14-2024-61a1a000-880b-4d3a-af7d-54f13967cb23-5a233149.png,RIGARRSPCAPITAL
2891,Vinho Chão do Conde Colheita Rosé Garrafa Vidro 750ml,0,https://cms-prod.global.ssl.fastly.net/media/06-14-2024-cc7504c5-db87-4fda-bb27-1810d29eb3eb-07435d88.png,RIGARRSPCAPITAL
2890,Vinho Chão do Conde Privado Branco Garrafa Vidro 750ml,0,https://cms-prod.global.ssl.fastly.net/media/06-14-2024-0678351b-dde3-43cc-8acb-7627e9dcd8e3-96f3b96b.png,RIGARRSPCAPITAL
2889,Vinho Chão do Conde Privado Tinto Garrafa Vidro 750ml,0,https://cms-prod.global.ssl.fastly.net/media/06-14-2024-716006fe-557a-4a3a-92c7-d28542ef4d81-4a3c6c17.png,RIGARRSPCAPITAL
2888,Vinho Chão do Conde Reserva Branco Garrafa Vidro 750ml,0,https://cms-prod.global.ssl.fastly.net/media/06-14-2024-d4d81132-54a1-4d79-9ede-1ba77877c8ae-78557bc7.png,RIGARRSPCAPITAL
2887,Vinho Chão do Conde Reserva Tinto Garrafa Vidro 750ml,0,https://cms-prod.global.ssl.fastly.net/media/06-14-2024-33fd5b45-79a8-4719-bff1-affeb64ab931-a25478ed.png,RIGARRSPCAPITAL
2875,Vinho Maxime Tinto Garrafa Vidro 750ml,0,https://cms-prod.global.ssl.fastly.net/media/06-14-2024-e8bf505c-5e67-4c84-ab69-0c75d2d1c492-8cde2472.png,RIGARRSPCAPITAL
2874,Vinho Maxime Rosé Garrafa Vidro 750ml,0,https://cms-prod.global.ssl.fastly.net/media/06-14-2024-b21fb095-c7a8-49e0-ab63-58e2ad2aba77-e8637182.png,RIGARRSPCAPITAL
2851,Whisky Jack Daniels Apple Garrafa Vidro 1L,0,https://cms-prod.global.ssl.fastly.net/media/06-14-2024-548ec251-bc96-4836-a958-1ee60ed4c4a4-ed4eb679.png,RIGARRSPCAPITAL
2846,Vinho Horizonte Tinto Garrafa Vidro 750ml,0,https://cms-prod.global.ssl.fastly.net/media/11-27-2024-3bfee580-9081-4ecc-8364-dc0ba895d0e1-9bc03bb8.png,RIGARRSPCAPITAL
2845,Vinho Horizonte Rosé Garrafa Vidro 750ml,0,https://cms-prod.global.ssl.fastly.net/media/06-14-2024-1e7b46e9-ab18-4137-94af-76ffadbb4334-b6cbcd73.png,RIGARRSPCAPITAL
2844,Vinho Horizonte Branco Garrafa Vidro 750ml,0,https://cms-prod.global.ssl.fastly.net/media/06-14-2024-0d1b9f1c-d405-4752-aba9-75b04b8aaa72-bdffae68.png,RIGARRSPCAPITAL
2831,Coquetel 43 Diego Zamora Horchata Garrafa Vidro,0,https://cms-prod.global.ssl.fastly.net/media/06-14-2024-fa748349-71cd-4050-969f-f2a053ab0c4c-53002b69.png,RIGARRSPCAPITAL
2830,Whisky Jim Beam Rye Garrafa Vidro 700ml,0,https://cms-prod.global.ssl.fastly.net/media/09-27-2024-6f9aa7ca-7c16-4d62-b368-51c3e1d3278a-4114d498.png,RIGARRSPCAPITAL
2805,Licor Fireball Garrafa Vidro 750ml,0,https://one.bees.com/mf/admin-portal-main-mfe/69578b051631db0e07b7.svg,RIGARRSPCAPITAL
2801,Licor Disaronno Originale Garrafa Vidro 700ml,0,https://cms-prod.global.ssl.fastly.net/media/09-27-2024-7105b65d-e4f8-46f0-82f3-ccac19a40598-04ff9b25.png,RIGARRSPCAPITAL
2800,Licor Luxardo Maraschino Garrafa Vidro 750ml,0,https://cms-prod.global.ssl.fastly.net/media/09-27-2024-660d1cee-23aa-4925-831a-6955a063a323-76db588b.png,RIGARRSPCAPITAL
2781,Espumante Casa Perini Moscatel Garrafa Vidro 750ml,0,https://cms-prod.global.ssl.fastly.net/media/09-27-2024-4baaa8e8-df9f-4655-bdcc-3a8bacfbb02c-03d34fb6.png,RIGARRSPCAPITAL
2750,Whisky Yamazaki 12 Anos Garrafa Vidro 700ml,0,https://cms-prod.global.ssl.fastly.net/media/07-23-2024-bd2b5906-a650-45e1-b10a-6577ffc3ebf6-a7943767.png,RIGARRSPCAPITAL
2749,Whisky Hibiki Japanese Harmony Garrafa Vidro 700ml,0,https://cms-prod.global.ssl.fastly.net/media/07-24-2024-8583df2e-9cc9-47b6-8bd4-61b719d750da-5f1514b0.png,RIGARRSPCAPITAL
272,Licor Cointreau 700Ml,173,https://cms-prod.global.ssl.fastly.net/media/07-24-2024-bb95b2c5-0984-4686-a4d7-eee6ffb46d6c-06e253e8.png,RIGARRSPCAPITAL
2704,Vinho Villa Rosa Colheita Tinto Garrafa Vidro 375ml,0,https://cms-prod.global.ssl.fastly.net/media/07-23-2024-869513d0-5386-42f6-b4f3-57d882dde4e7-0133c2a4.png,RIGARRSPCAPITAL
2703,Vinho Villa Rosa Rosé Garrafa Vidro 750ml,0,https://cms-prod.global.ssl.fastly.net/media/06-14-2024-9f58d233-7310-4fb2-a0c6-fc4a51bfa4b1-43b209a6.png,RIGARRSPCAPITAL
269,Rum Havana Club 3 Years Old Garrafa Vidro 700ml,0,https://cms-prod.global.ssl.fastly.net/media/06-14-2024-2d5756b4-3d14-4c4f-a55c-8feccbf968bc-659c2f28.png,RIGARRSPCAPITAL
2684,Whisky Suntory Chita Garrafa Vidro 700ml,0,https://cms-prod.global.ssl.fastly.net/media/07-24-2024-9d76e443-9ea6-4efe-9ff6-3822d42269de-3d79b48b.png,RIGARRSPCAPITAL
2683,Gin Larios 12 Premium Garrafa Vidro 700ml,0,https://cms-prod.global.ssl.fastly.net/media/07-24-2024-74dfadfa-5b66-4d27-a41c-755d04dad663-afc3a00c.png,RIGARRSPCAPITAL
2642,Whisky Glenmorangie 10 Anos Garrafa Vidro 750ml,273,https://cms-prod.global.ssl.fastly.net/media/07-22-2024-4c4a64d8-800d-404d-8682-98bc05e0c960-0f43db85.png,RIGARRSPCAPITAL
2629,Gin Roku Garrafa Vidro 700ml,0,https://cms-prod.global.ssl.fastly.net/media/07-23-2024-e18727e3-951d-4f7c-b4bf-b6ccb41b0862-e394b27f.png,RIGARRSPCAPITAL
2628,Vodka Suntory Haku Garrafa Vidro 700ml,0,https://cms-prod.global.ssl.fastly.net/media/07-23-2024-17d44b26-cae6-47de-b6be-32c2fa19c824-32a7ecd5.png,RIGARRSPCAPITAL
2627,Gin Larios Rosé Garrafa Vidro 700ml,0,https://cms-prod.global.ssl.fastly.net/media/07-24-2024-2c0f436f-5767-4e9e-86cf-dff235e28ee3-5a74bbd1.png,RIGARRSPCAPITAL
2614,Vinho Villa Rosa Tinto Garrafa Vidro 750ml,0,https://cms-prod.global.ssl.fastly.net/media/07-22-2024-24ad9795-1182-4088-861d-b561bf3e3349-01f0164a.png,RIGARRSPCAPITAL
2613,Vinho Villa Rosa Branco Garrafa Vidro 750ml,0,https://cms-prod.global.ssl.fastly.net/media/06-14-2024-5571a0bc-711f-4878-b0b9-5539fbb97052-79b2cdbf.png,RIGARRSPCAPITAL
2606,Aperitivo Ramazzotti Rosato Garrafa Vidro 750ml,0,https://cms-prod.global.ssl.fastly.net/media/06-14-2024-1a4707cd-cfb2-4b66-b4b2-d596f9ea11e4-52ad341b.png,RIGARRSPCAPITAL
2573,Whisky Dewars White Label Garrafa Vidro 750ml,0,https://cms-prod.global.ssl.fastly.net/media/09-04-2024-1e9e3752-c5c7-4699-8e3a-f1214da2b0ef-f549a9bc.png,RIGARRSPCAPITAL
2569,Aperitivo Lillet Blanc Garrafa Vidro 750ml,102,https://cms-prod.global.ssl.fastly.net/media/07-24-2024-a27343f2-9220-48f9-8951-737bd7255955-317435d3.png,RIGARRSPCAPITAL
2518,Vinho Pacheca Doc Douro Tinto Garrafa Vidro 750ml,0,https://cms-prod.global.ssl.fastly.net/media/09-03-2024-c93e0b86-f8d6-4218-a648-9d68f687eb0e-b71b5460.png,RIGARRSPCAPITAL
2517,Vinho Pacheca Doc Douro Rosé Garrafa Vidro 750ml,0,https://cms-prod.global.ssl.fastly.net/media/06-14-2024-e43b5455-13dd-43a9-8499-dbbbed7f44f6-f604868a.png,RIGARRSPCAPITAL
2516,Vinho Pacheca Doc Douro Branco Garrafa Vidro 750ml,0,https://cms-prod.global.ssl.fastly.net/media/06-14-2024-decae7c5-8970-404c-8002-2ab08d5e2503-81c512fc.png,RIGARRSPCAPITAL
2457,Bitter Angostura Aromatic Pet 200ml,0,https://cms-prod.global.ssl.fastly.net/media/06-14-2024-c8868433-7405-4332-8fa5-2960a40576d1-2142a6cb.png,RIGARRSPCAPITAL
2437,Cachaça Saliníssima Prata Garrafa Vidro 670ml,0,https://cms-prod.global.ssl.fastly.net/media/09-27-2024-14942604-a906-442a-92a2-0cea6874eae1-46c5fa0e.png,RIGARRSPCAPITAL
2436,Cachaça Saliníssima Garrafa Vidro 670ml,0,https://cms-prod.global.ssl.fastly.net/media/07-23-2024-2722e44f-ba1b-49a8-80ef-cbe263f632a3-99cfac90.png,RIGARRSPCAPITAL
2417,Whisky Jack Daniels Honey Garrafa Vidro 500ml,0,https://cms-prod.global.ssl.fastly.net/media/07-23-2024-8f82ebbf-082d-473d-a60d-84c62bc15b04-8f828975.png,RIGARRSPCAPITAL
240,Whisky Glenfiddich 15 Anos Garrafa Vidro 750ml,0,https://cms-prod.global.ssl.fastly.net/media/07-24-2024-55e1280a-97f7-4c9c-bae9-d4b0d9dcba68-946df338.png,RIGARRSPCAPITAL
2388,Whisky Jack Daniels Fire Garrafa Vidro 1L,375,https://cms-prod.global.ssl.fastly.net/media/09-30-2024-a2f74bae-8b41-4bf6-baf1-3733553b30a3-c3ce4943.png,RIGARRSPCAPITAL
2332,Whisky Dewars 12 Anos Garrafa Vidro 750ml,0,https://cms-prod.global.ssl.fastly.net/media/07-24-2024-49578d0b-de3b-42d7-a8f0-facdc1765a09-4bd4c6c9.png,RIGARRSPCAPITAL
2323,Gin Gordons Pink Garrafa Vidro 700ml,98,https://cms-prod.global.ssl.fastly.net/media/07-24-2024-4edbfdce-b0de-4999-9a44-4b8f865bea5e-453d2fd4.png,RIGARRSPCAPITAL
2320,Gin Beefeater Pink Garrafa Vidro 700ml,0,https://cms-prod.global.ssl.fastly.net/media/07-22-2024-7120afa8-cd83-47f1-95a9-bc41f3cc6ed7-100e8e0e.png,RIGARRSPCAPITAL
2263,Vinho Maxime Branco Garrafa Vidro 750ml,0,https://cms-prod.global.ssl.fastly.net/media/07-22-2024-29877879-0951-4faa-ba8a-1292684b2dd2-17504b07.png,RIGARRSPCAPITAL
2089,Coquetel Bananinha Reggiani Garrafa Vidro 920ml,0,https://cms-prod.global.ssl.fastly.net/media/06-14-2024-53cdb218-df12-4ad0-941a-535220634344-369e49de.png,RIGARRSPCAPITAL
2028,Whisky White Horse Garrafa Vidro 500ml,0,https://cms-prod.global.ssl.fastly.net/media/07-23-2024-6407f550-bc06-49e8-923b-48ef3f40c65c-9cd763b3.png,RIGARRSPCAPITAL
187,Whisky Jack Daniels Garrafa Vidro 1L,0,https://cms-prod.global.ssl.fastly.net/media/07-22-2024-28e30563-5647-410f-adf4-d426d7ba26fd-c6c52d8c.png,RIGARRSPCAPITAL
1834,Whisky Ballantine'S Finest Garrafa Vidro 750ml,135,https://cms-prod.global.ssl.fastly.net/media/07-24-2024-ee09694b-8ff6-43f7-9258-b5dc4b985023-3b87cc6f.png,RIGARRSPCAPITAL
1810,Vinho Galioto Tinto Suave Garrafa Vidro 1L,0,https://cms-prod.global.ssl.fastly.net/media/07-22-2024-bf60fd6d-b2de-48bf-9a88-35f33dbb55b5-b607dd7a.png,RIGARRSPCAPITAL
1809,Whisky Jim Beam Fire Garrafa Vidro 1L,0,https://cms-prod.global.ssl.fastly.net/media/07-24-2024-93ddbe82-230c-429b-856d-8a3fb77ee976-5730b86a.png,RIGARRSPCAPITAL
1804,Whisky Jameson Garrafa Vidro 750ml,185,https://cms-prod.global.ssl.fastly.net/media/07-22-2024-2615b608-b6ee-4ff2-94d6-73335ab4a0f2-2e84c219.png,RIGARRSPCAPITAL
178,Rum Montilla Carta Ouro Garrafa Vidro 1L,0,https://cms-prod.global.ssl.fastly.net/media/07-22-2024-168606ab-6404-4d6c-b45b-f7480076a574-acac3586.png,RIGARRSPCAPITAL
1779,Vodka Smirnoff Garrafa Vidro 600ml,0,https://cms-prod.global.ssl.fastly.net/media/07-22-2024-56fb1440-0856-452a-aa8b-20b1a38dd1cb-a2438a45.png,RIGARRSPCAPITAL
177,Rum Bacardi Big Apple Garrafa Vidro 980ml,0,https://cms-prod.global.ssl.fastly.net/media/07-22-2024-d60f729d-d25a-453f-ba84-867b4eddfd32-a49e1e76.png,RIGARRSPCAPITAL
1757,Vodka Ciroc Red Berry Garrafa Vidro 750ml,0,https://cms-prod.global.ssl.fastly.net/media/07-22-2024-85c86a64-e509-48e6-ac3d-36a9a4428f0d-b6a4c2a6.png,RIGARRSPCAPITAL
1741,Gin Seagram'S Garrafa Vidro 750ml,0,https://cms-prod.global.ssl.fastly.net/media/07-22-2024-4e9fece6-4785-4fc1-a872-45b3f7cf3624-0cec2162.png,RIGARRSPCAPITAL
1710,Vodka Absolut Vanilla Garrafa Vidro 750ml,0,https://cms-prod.global.ssl.fastly.net/media/07-23-2024-9ac07757-f1de-4ed7-a7ee-9f613a402faa-87f90d70.png,RIGARRSPCAPITAL
169,Vermouth Martini Extra Dry Garrafa Vidro 750ml,0,https://cms-prod.global.ssl.fastly.net/media/07-24-2024-d758f144-1b81-4586-85f9-c5f6fa2ea0f0-d25d4615.png,RIGARRSPCAPITAL
1527,Vermouth Martini Rosso Garrafa Vidro 750ml,186,https://cms-prod.global.ssl.fastly.net/media/07-23-2024-94da1647-4ccf-48c7-9463-9222272861fd-b95df694.png,RIGARRSPCAPITAL
1526,Whisky Jim Beam Honey Garrafa Vidro 1L,0,https://cms-prod.global.ssl.fastly.net/media/07-23-2024-9f8e80a2-3a85-45c3-87ea-3ec29a61846c-969594c5.png,RIGARRSPCAPITAL
1519,Coquetel Cantina da Serra Garrafa Pet 880ml,0,https://one.bees.com/mf/admin-portal-main-mfe/69578b051631db0e07b7.svg,RIGARRSPCAPITAL
1518,"Coquetel Cantina da Serra Garrafa Pet 1,5L",0,https://cms-prod.global.ssl.fastly.net/media/07-23-2024-2a92ec51-b642-4aec-88a8-4fe2e2dba5a3-d41c67f4.png,RIGARRSPCAPITAL
15,Vodka Ketel One Garrafa Vidro 1L,0,https://cms-prod.global.ssl.fastly.net/media/07-23-2024-c5d5ce3f-f77e-400c-80d8-1817a0d929f5-51c7cac8.png,RIGARRSPCAPITAL
1347,Catuaba Selvagem Pet 900ml,135,https://cms-prod.global.ssl.fastly.net/media/07-22-2024-9bf3aa3b-ce3b-494a-8fc3-35e581d2c051-2bccf361.png,RIGARRSPCAPITAL
1294,Gin The Botanist Garrafa Vidro 700ml,0,https://cms-prod.global.ssl.fastly.net/media/07-22-2024-8ec13a35-7e79-4036-b0a7-7e68109e7dfd-0dc942f1.png,RIGARRSPCAPITAL
1212,Vinho Branco Jurupinga Dinalle Garrafa Vidro 975ml,0,https://cms-prod.global.ssl.fastly.net/media/09-27-2024-c2d219cf-7561-4681-9fc7-3d855e88a305-81154c60.png,RIGARRSPCAPITAL
1186,Vodka Absolut Garrafa Vidro 750ml,980,https://cms-prod.global.ssl.fastly.net/media/07-22-2024-da6eaed6-0291-42aa-804d-9e17ffa54ea9-befe9ced.png,RIGARRSPCAPITAL
1090,Vodka Stolichnaya Garrafa Vidro 750ml,0,https://cms-prod.global.ssl.fastly.net/media/07-22-2024-d59cea93-fe17-4a3d-8a37-56bf945e342b-58c812dd.png,RIGARRSPCAPITAL
1088,Destilado Schlichte Steinhaeger Original Garrafa Vidro 700ml,0,https://cms-prod.global.ssl.fastly.net/media/09-30-2024-94be039e-997f-4ef5-9d90-5cea91db7a34-b00bc0b4.png,RIGARRSPCAPITAL
1087,Saquê Gekkeikan Tradicional Garrafa Vidro 750ml,0,https://cms-prod.global.ssl.fastly.net/media/09-27-2024-d8333594-df13-42c8-8d06-207665514687-56f6de07.png,RIGARRSPCAPITAL
1085,Vermouth Carpano Clássico Garrafa Vidro 1L,0,https://cms-prod.global.ssl.fastly.net/media/09-27-2024-d32ec558-4d7c-44bf-9675-357ccd12685a-2141469f.png,RIGARRSPCAPITAL
1084,Tequila Jose Cuervo Tradicional Garrafa Vidro 750ml,0,https://cms-prod.global.ssl.fastly.net/media/09-30-2024-16a65629-211c-4bb5-9701-776c50c41fe5-169550a7.png,RIGARRSPCAPITAL
1083,Tequila 1800 Blanco Garrafa Vidro 750ml,0,https://cms-prod.global.ssl.fastly.net/media/09-30-2024-7207a257-96b1-4f68-9593-42a70fe1e334-61bfe4de.png,RIGARRSPCAPITAL
1082,Tequila 1800 Reposado Garrafa Vidro 750ml,0,https://cms-prod.global.ssl.fastly.net/media/09-27-2024-814d26dc-f09f-4658-8751-73d7c55feea1-988d0054.png,RIGARRSPCAPITAL
1050,Xarope 1883 Amora Pet 1L,0,https://cms-prod.global.ssl.fastly.net/media/09-27-2024-801f72ec-f493-49f4-a897-dd184f4e0bb7-53d5398e.png,RIGARRSPCAPITAL
1039,Xarope Monin Maçã Verde (Apple) Garrafa Vidro 700ml,171,https://cms-prod.global.ssl.fastly.net/media/07-24-2024-d43c24e0-7a46-4824-8778-5043417c240e-a084ffdd.png,RIGARRSPCAPITAL
1032,Gin Saffron Gabriel Boudier Garrafa Vidro 700ml,0,https://cms-prod.global.ssl.fastly.net/media/07-24-2024-e315168e-0388-46ec-9c28-d13459524ebe-d84aaa9f.png,RIGARRSPCAPITAL
